ID,Description,ObjCount,ObjAttr,OORel,OARel,Difficulty,Category,SceneEvalID,is_house
0,"A bedroom with a bed, two nightstands, and a wardrobe in the corner of the room.","eq,1,bed; eq,2,nightstand; eq,1,wardrobe",,,"eq,1,corner,wardrobe,room",easy,SceneEval-100,0,FALSE
1,A bedroom with a bed and a wardrobe.,"eq,1,bed; eq,1,wardrobe",,,,easy,SceneEval-100,1,FALSE
2,"A bedroom with a king-size bed in the corner of the room, two large blue armchairs, and a floor lamp near a armchair.","eq,1,bed; eq,2,armchair; eq,1,floor_lamp","eq,1,bed,king_size; eq,2,armchair,large; eq,2,armchair,blue","eq,1,near,0,armchair,floor_lamp","eq,1,corner,bed,room",easy,SceneEval-100,2,FALSE
3,"A bedroom with a double bed and a mini fridge near the bed, a table across from the door, and a painting on the wall above the bed.","eq,1,bed; eq,1,fridge; eq,1,table; eq,1,painting","eq,1,bed,double; eq,1,fridge,mini","eq,1,near,0,bed,fridge; eq,1,above,0,bed,painting","eq,1,across,table,door; eq,1,on,painting,wall",easy,SceneEval-100,3,FALSE
4,"A bedroom with two bunk beds in the corners of the room, a desk placed against the wall far from the door, and a light hanging from the ceiling in the center of the room.","eq,2,bed; eq,1,desk; eq,1,light","eq,2,bed,bunk",,"eq,2,corner,bed,room; eq,1,hang,light,ceiling; eq,1,center,light,room; eq,1,against,desk,wall; eq,1,far,desk,door",easy,SceneEval-100,4,FALSE
5,"A simple bedroom featuring a twin bed against the wall, with a wardrobe positioned in the corner of the room, and a desk next to the window.","eq,1,bed; eq,1,wardrobe; eq,1,desk","eq,1,bed,twin",,"eq,1,against,bed,wall; eq,1,corner,wardrobe,room; eq,1,next,desk,window",easy,SceneEval-100,5,FALSE
6,"A minimal bedroom with a queen bed against the wall, flanked by two nightstands on each side.","eq,1,bed; eq,2,nightstand","eq,1,bed,queen","eq,1,left,0,bed,nightstand; eq,1,right,0,bed,nightstand","eq,1,against,bed,wall",easy,SceneEval-100,6,FALSE
7,"A living room with a TV, sofa, and bookshelf. There is no coffee table in the room.","eq,1,TV; eq,1,sofa; eq,1,bookshelf; eq,0,coffee_table",,,,easy,SceneEval-100,7,FALSE
8,"A living room with a TV, sofa, bookshelf, and coffee table.","eq,1,TV; eq,1,sofa; eq,1,bookshelf; eq,1,coffee_table",,,,easy,SceneEval-100,8,FALSE
9,"A living room with a sofa in front of a wall-mounted TV, a lamp behind the sofa, and a stool near the TV against the wall.","eq,1,sofa; eq,1,TV; eq,1,lamp; eq,1,stool","eq,1,TV,wall_mounted","eq,1,front,0,sofa,TV; eq,1,face,0,TV,sofa; eq,1,behind,0,sofa,lamp; eq,1,near,0,TV,stool","eq,1,on,TV,wall; eq,1,corner,sofa,room; eq,1,against,stool,wall ",easy,SceneEval-100,9,FALSE
10,"A living room with two bookcases along the wall far from the door, a wooden chair near the bookcases, and a painting on the wall opposite the bookcases.","eq,2,bookcase; eq,1,chair; eq,1,painting","eq,1,chair,wooden","eq,1,near,0,bookcase,chair; eq,2,across,0,bookcase,painting","eq,2,against,bookcase,wall; eq,2,far,bookcase,door; eq,1,on,painting,wall",easy,SceneEval-100,10,FALSE
11,"A living room with a two-seater sofa against the wall, a square rug in the middle in front of the sofa, and two large plants on the floor near the sofa.","eq,1,sofa; eq,1,rug; eq,2,plant","eq,1,sofa,two_seater; eq,1,rug,square; eq,2,plant,large","eq,1,front,0,sofa,rug; eq,2,near,0,sofa,plant","eq,1,against,sofa,wall; eq,1,middle,rug,room",easy,SceneEval-100,11,FALSE
12,"A living room with a bean bag near a wall cabinet, which is across from the window. There is a stool next to the bean bag.","eq,1,bean_bag; eq,1,wall_cabinet; eq,1,stool",,"eq,1,near,0,wall_cabinet,bean_bag; eq,1,next,0,bean_bag,stool","eq,1,on,wall_cabinet,wall; eq,1,across,wall_cabinet,window",easy,SceneEval-100,12,FALSE
13,"A living room with a sofa against the wall across from the door, a painting on the wall above the sofa, and a pendant light hanging in the middle of the room.","eq,1,sofa; eq,1,painting; eq,1,pendant_light",,"eq,1,above,0,sofa,painting","eq,1,across,sofa,door; eq,1,against,sofa,wall; eq,1,on,painting,wall; eq,1,hang,pendant_light,ceiling; eq,1,middle,pendant_light,room",easy,SceneEval-100,13,FALSE
14,A dining room with two bar stools at the short sides of a bar table.,"eq,2,bar_stool; eq,1,bar_table",,"eq,2,short_side,0,bar_table,bar_stool",,easy,SceneEval-100,14,FALSE
15,A dining room with three dining chairs surrounding a dining table.,"eq,3,dining_chair; eq,1,dining_table",,"eq,1,surround,0,dining_table,dining_chair:0,dining_chair:1,dining_chair:2",,easy,SceneEval-100,15,FALSE
16,"A small dining room with a dining table next to a window, a chair on the long side of the table, and a rug in the middle of the room.","eq,1,dining_table; eq,1,chair; eq,1,rug",,"eq,1,long_side,0,dining_table,chair","eq,1,next,dining_table,window; eq,1,middle,rug,room",easy,SceneEval-100,16,FALSE
17,"A dining room with a cabinet next to the door against the wall, and two wine cabinets against the wall near a bar table.","eq,1,cabinet; eq,2,wine_cabinet; eq,1,bar_table",,"eq,2,near,0,bar_table,wine_cabinet","eq,1,against,cabinet,wall; eq,1,next,cabinet,door; eq,2,against,wine_cabinet,wall",easy,SceneEval-100,17,FALSE
18,A dining room with a table in the corner of the room and a chair on the long side.,"eq,1,table; eq,1,chair",,"eq,1,long_side,0,table,chair","eq,1,corner,table,room",easy,SceneEval-100,18,FALSE
19,A dining room with a ceiling light hanging above the table and two chairs on the long side of the table.,"eq,1,ceiling_light; eq,1,table; eq,2,chair",,"eq,1,above,0,table,ceiling_light; eq,2,long_side,0,table,chair","eq,1,hang,ceiling_light,ceiling",easy,SceneEval-100,19,FALSE
20,"A bedroom with a bed with two nightstands on each side, a wardrobe, and a TV stand positioned in front of the bed. There is a toy box with two dolls outside the box.","eq,1,bed; eq,2,nightstand; eq,1,wardrobe; eq,1,TV_stand; eq,1,toy_box; eq,2,doll",,"eq,1,left,0,bed,nightstand; eq,1,right,0,bed,nightstand; eq,1,front,0,bed,TV_stand; eq,1,face,0,bed,TV_stand; eq,2,outside,0,toy_box,doll",,medium,SceneEval-100,20,FALSE
21,"A bedroom with a bed flanked by two nightstands, and an office chair in front of an office desk located in the corner of the room. There is no wardrobe in the room.","eq,1,bed; eq,2,nightstand; eq,1,office_chair; eq,1,office_desk; eq,0,wardrobe",,"eq,1,left,0,bed,nightstand; eq,1,right,0,bed,nightstand; eq,1,front,0,office_desk,office_chair; eq,1,face,0,office_chair,office_desk","eq,1,corner,office_desk,room",medium,SceneEval-100,21,FALSE
22,"A bedroom with a bed against the wall and at least one nightstand next to it, featuring a lamp on the nightstand. There is an office desk with a monitor on top and a sofa chair in front of it.","eq,1,bed; ge,1,nightstand; eq,1,monitor; eq,1,office_desk; eq,1,sofa_chair; eq,1,lamp",,"ge,1,next_to,0,bed,nightstand; eq,1,on,0,office_desk,monitor; eq,1,front,0,office_desk,sofa_chair; eq,1,face,0,monitor,sofa_chair; eq,1,face,0,office_desk,sofa_chair; eq,1,on,0,nightstand,lamp","eq,1,against,bed,wall",medium,SceneEval-100,22,FALSE
23,"A teenager's bedroom featuring a twin bed with an adjacent nightstand, a wardrobe for clothes, a small desk with a chair, and a bookshelf positioned next to the wardrobe. There are two books outside the bookshelf.","eq,1,bed; eq,1,nightstand; eq,1,wardrobe; eq,1,desk; eq,1,chair; eq,1,bookshelf; eq,2,book","eq,1,bed,twin; eq,1,desk,small","eq,1,adjacent,0,bed,nightstand; eq,1,next,0,wardrobe,bookshelf; eq,2,outside,0,bookshelf,book",,medium,SceneEval-100,23,FALSE
24,"A teenager's bedroom designed for both comfort and functionality includes a twin bed with an adjacent wooden nightstand, a large wardrobe with multiple drawers for clothes, and a small desk and chair equipped with an electronic setup featuring a monitor and peripherals. A large oak bookshelf is positioned next to the wardrobe.","eq,1,bed; eq,1,nightstand; eq,1,wardrobe; eq,1,desk; eq,1,chair; eq,1,monitor; gt,1,electronic_peripheral; eq,1,bookshelf","eq,1,bed,twin; eq,1,nightstand,wooden; eq,1,wardrobe,large; eq,1,wardrobe,multiple_drawers; eq,1,desk,small; eq,1,bookshelf,large; eq,1,bookshelf,oak","eq,1,adjacent,0,bed,nightstand; eq,1,on,0,desk,monitor; gt,1,on,0,desk,electronic_peripheral; eq,1,next,0,wardrobe,bookshelf",,medium,SceneEval-100,24,FALSE
25,"A bedroom with a king-size bed positioned against the wall across from the window. Two stools are placed in front of the bed. A painting hangs above the bed, flanked by a wall light on each side. There is a bookcase with two books on the left side.","eq,1,bed; eq,2,stool; eq,1,painting; eq,2,wall_light; eq,1,bookcase; eq,2,book","eq,1,bed,king_size","eq,2,front,0,bed,stool; eq,1,above,0,bed,painting; eq,1,left,0,bed,wall_light; eq,1,right,0,bed,wall_light; eq,2,left_region,0,bookcase,book","eq,1,against,bed,wall; eq,1,across,bed,window; eq,1,on,painting,wall; eq,2,on,wall_light,wall",medium,SceneEval-100,25,FALSE
26,"A bedroom with three extendable beds, one of which has a doll placed on top. Two of the beds are positioned in the corners of the room, and a dresser is located next to the door. There are two dolls outside a toy box.","eq,3,bed; eq,2,doll; eq,1,dresser; eq,1,toy_box","eq,3,bed,extendable","eq,1,on,0,bed,doll; eq,2,outside,0,toy_box,doll","eq,2,corner,bed,room; eq,1,next,dresser,door",medium,SceneEval-100,26,FALSE
27,"A living room with a coffee table in front of a large sofa, a TV on a TV stand facing the sofa, and a chair on the short side facing the coffee table. There is a cup on the right side of the TV stand.","eq,1,coffee_table; eq,1,sofa; eq,1,TV; eq,1,TV_stand; eq,1,chair; eq,1,cup","eq,1,sofa,large","eq,1,front,0,sofa,coffee_table; eq,1,face,0,coffee_table,sofa; eq,1,on,0,TV_stand,TV; eq,1,face,0,sofa,TV; eq,1,face,0,sofa,TV_stand; eq,1,short_side,0,coffee_table,chair; eq,1,face,0,coffee_table,chair; eq,1,on,0,TV_stand,cup; eq,1,right_region,0,TV_stand,cup",,medium,SceneEval-100,27,FALSE
28,"A living room with a coffee table in front of a large sofa, a TV on a TV stand facing the sofa, and two small tables on each side of the sofa.","eq,1,coffee_table; eq,1,sofa; eq,1,TV; eq,1,TV_stand; eq,2,table","eq,1,sofa,large; eq,2,table,small","eq,1,front,0,sofa,coffee_table; eq,1,face,0,coffee_table,sofa; eq,1,on,0,TV_stand,TV; eq,1,face,0,sofa,TV; eq,1,face,0,sofa,TV_stand; eq,1,left,0,sofa,table; eq,1,right,0,sofa,table",,medium,SceneEval-100,28,FALSE
29,"A living room featuring two bookshelves along the wall, with only one book on the bookshelf nearest the door. Across from the bookshelves, a painting is mounted on the wall. In the center of the room, a table with a tray holding a potted plant sits near an L-shaped sofa.","eq,2,bookshelf; eq,1,book; eq,1,painting; eq,1,table; eq,1,sofa; eq,1,potted_plant; eq,1,tray","eq,1,sofa,l_shaped","eq,1,inside,0,bookshelf,book; eq,1,near,0,table,sofa; eq,1,on,0,table,tray; eq,1,on,0,tray,potted_plant","eq,2,against,bookshelf,wall; eq,1,near,book,door; eq,1,on,painting,wall; eq,1,center,table,room",medium,SceneEval-100,29,FALSE
30,"A living room with a marble table in front of a four-seater sofa. The sofa is positioned in the corner of the room, with two bean bags placed next to the table. A lamp hangs from the ceiling.","eq,1,table; eq,1,sofa; eq,2,bean_bag; eq,1,lamp","eq,1,table,marble; eq,1,sofa,four_seater","eq,1,front,0,sofa,table; eq,1,face,0,table,sofa; eq,2,next,0,table,bean_bag","eq,1,corner,sofa,room; eq,1,hang,lamp,ceiling",medium,SceneEval-100,30,FALSE
31,"A large living room with three display shelves against the wall, with a long sofa in front. There are two tables in front of the sofa and another table right of the sofa with a lamp on top. There is no TV in the room.","eq,3,display_shelf; eq,1,sofa; eq,3,table; eq,1,lamp; eq,0,TV","eq,1,sofa,long","eq,3,front,0,display_shelf,sofa; eq,2,front,0,sofa,table; eq,2,facing,0,table,sofa; eq,1,right,0,sofa,table; eq,1,on,0,table,lamp; eq,1,next,0,sofa,lamp","eq,3,against,display_shelf,wall",medium,SceneEval-100,31,FALSE
32,"A Japanese-style living room featuring a coffee table next to the window with two floor cushions placed beside it. A sofa is positioned across from the window, and in front of the sofa is a table with a teapot on top, completing the serene and minimalist setup.","eq,1,coffee_table; eq,1,table; eq,2,floor_cushion; eq,1,sofa; eq,1,teapot",,"eq,2,next,0,coffee_table,floor_cushion; eq,1,front,0,sofa,table; eq,1,face,0,table,sofa; eq,1,on,0,table,teapot","eq,1,next,coffee_table,window; eq,1,across,sofa,window",medium,SceneEval-100,32,FALSE
33,A living room featuring an irregular-shaped table in the middle of the room with a sofa positioned in front of it. Across the table are two sofa chairs with a small wooden coffee table placed between them. A clock is mounted on the wall far from the door.,"eq,1,table; eq,1,sofa; eq,2,sofa_chair; eq,1,coffee_table; eq,1,clock","eq,1,table,irregular_shape; eq,1,coffee_table,small; eq,1,coffee_table,wooden","eq,1,front,0,sofa,table; eq,1,face,0,table,sofa; eq,2,across,0,table,sofa_chair; eq,1,left,0,coffee_table,sofa_chair; eq,1,right,0,coffee_table,sofa_chair","eq,1,middle,table,room; eq,1,far,clock,door; eq,1,on,clock,wall",medium,SceneEval-100,33,FALSE
34,"A dining room with a bar table positioned in the middle of the room. A wooden shelf is mounted on the wall, holding a potted plant and a jug, adding a touch of decor and functionality. Along the wall, there is a fridge and a wine cabinet, providing ample storage and a cohesive design.","eq,1,bar_table; eq,1,wall_shelf; eq,1,potted_plant; eq,1,jug; eq,1,fridge; eq,1,wine_cabinet","eq,1,wall_shelf,wooden","eq,1,on,0,wall_shelf,potted_plant; eq,1,on,0,wall_shelf,jug","eq,1,middle,bar_table,room; eq,1,on,wall_shelf,wall; eq,1,against,fridge,wall; eq,1,against,wine_cabinet,wall",medium,SceneEval-100,34,FALSE
35,"A dining room with a fridge positioned near the door against the wall. A table is placed in the middle of the room with two chairs on its long sides. In the corner of the room across from the door, there is a cabinet.","eq,1,fridge; eq,1,table; eq,2,chair; eq,1,cabinet",,"eq,2,long_side,0,table,chair","eq,1,against,fridge,wall; eq,1,near,fridge,door; eq,1,middle,table,room; eq,1,corner,cabinet,room; eq,1,across,cabinet,door",medium,SceneEval-100,35,FALSE
36,A dining room with six wooden dining chairs surrounding a round wooden table in the middle of the room. There is no coffee table in the room.,"eq,6,dining_chair; eq,1,dining_table; eq,0,coffee_table","eq,6,dining_chair,wooden; eq,1,dining_table,wooden; eq,1,dining_table,round","eq,1,surround,0,dining_table,dining_chair:0,dining_chair:1,dining_chair:2,dining_chair:3,dining_chair:4,dining_chair:5","eq,1,middle,dining_table,room",medium,SceneEval-100,36,FALSE
37,"A dining room with a square dining table, featuring two chairs on each long side and one chair on each short side of the table.","eq,6,dining_chair; eq,1,dining_table","eq,1,dining_table,square","eq,4,long_side,0,dining_table,dining_chair; eq,2,short_side,0,dining_table,dining_chair",,medium,SceneEval-100,37,FALSE
38,A dining room with a dining table featuring four chairs on the long side and one on a short side. A vase is placed in the middle of the table. A display cabinet is positioned next to a window against the wall.,"eq,5,chair; eq,1,dining_table; eq,1,vase; eq,1,display_cabinet",,"eq,4,long_side,0,dining_table,chair; eq,1,short_side,0,dining_table,chair; eq,1,on,0,dining_table,vase; eq,1,middle_of,0,dining_table,vase","eq,1,against,display_cabinet,wall; eq,1,next_to,display_cabinet,window",medium,SceneEval-100,38,FALSE
39,"Generate a dining room. The room should have a rectangular, wooden dining table with three chairs surrounding it. There is a utility cart near the table with three plates inside.","eq,1,dining_table; eq,3,chair; eq,1,utility_cart; eq,3,plate","eq,1,dining_table,rectangular; eq,1,dining_table,wooden","eq,1,surround,0,dining_table,chair:0,chair:1,chair:2; eq,3,inside,0,utility_cart,plate; eq,1,near,0,dining_table,utility_cart",,medium,SceneEval-100,39,FALSE
40,"A spacious master bedroom featuring a king-size bed against the wall, flanked by two nightstands, one holding a modern table lamp and a small book. A large wardrobe is positioned in the corner of the room, and a wooden dresser with three picture frames on it. Near the window, a plush armchair with a throw blanket provides a cozy seating area. A round area rug is placed at the foot of the bed, adding warmth and style to the space.","eq,1,bed; eq,2,nightstand; eq,1,table_lamp; eq,1,book; eq,1,wardrobe; eq,1,dresser; eq,3,picture_frame; eq,1,armchair; eq,1,blanket; eq,1,rug","eq,1,bed,king_size; eq,1,table_lamp,modern; eq,1,book,small; eq,1,wardrobe,large; eq,1,dresser,wooden; eq,1,armchair,plush; eq,1,rug,round","eq,1,left,0,bed,nightstand; eq,1,right,0,bed,nightstand; eq,1,on,0,nightstand,table_lamp; eq,1,on,0,nightstand,book; eq,3,on,0,dresser,picture_frame; eq,1,on,0,armchair,blanket; eq,1,at_the_foot,0,bed,rug","eq,1,against,bed,wall; eq,1,corner,wardrobe,room; eq,1,near,armchair,window",hard,SceneEval-100,40,FALSE
41,"A teenager's bedroom features a comfortable twin bed with a backboard in the far corner, with boxes underneath it. At the foot of the bed is a small desk equipped with a monitor, an external keyboard and mouse, and a desk lamp on the right for visibility, accompanied by a rolling chair. Next to the bed, a nightstand with an additional floor lamp nearby provides space for a phone and other valuables. A sizable wooden wardrobe with multiple drawers offers ample storage for clothes, while a coffee table beside it holds books and board games. In the center of the room, a tan-colored rug creates a cozy spot to sit, and the walls are adorned with various posters and pictures.","eq,1,bed; gt,1,box; eq,1,desk; eq,1,rolling_chair; eq,1,monitor; eq,1,keyboard; eq,1,mouse; eq,1,desk_lamp; eq,1,nightstand; eq,1,floor_lamp; eq,1,wardrobe; eq,1,coffee_table; gt,1,book; gt,1,board_game; eq,1,rug; gt,1,poster; gt,1,picture","eq,1,bed,twin; eq,1,bed,has_backboard; eq,1,desk,small; eq,1,wardrobe,sizable; eq,1,wardrobe,wooden; eq,1,wardrobe,multiple_drawers; eq,1,rug,tan_colored","gt,1,beneath,0,bed,box; eq,1,at_the_foot,0,bed,desk; eq,1,next_to,0,desk,rolling_chair; eq,1,on,0,desk,monitor; eq,1,on,0,desk,keyboard; eq,1,on,0,desk,mouse; eq,1,on,0,desk,desk_lamp; eq,1,right,0,monitor,desk_lamp; eq,1,next_to,0,bed,nightstand; eq,1,nearby,0,nightstand,floor_lamp; eq,1,beside,0,wardrobe,coffee_table; gt,1,on,0,coffee_table,book; gt,1,on,0,coffee_table,board_game","eq,1,corner,bed,bedroom; eq,1,middle,rug,bedroom; gt,1,on,poster,wall; gt,1,on,picture,wall",hard,SceneEval-100,41,FALSE
42,"A bedroom featuring a bunk bed positioned next to the window, adorned with plush toys on the bed. The room includes two desks placed against the wall, each accompanied by a chair. Over ten plush toys are scattered across the desks, adding a playful and cozy touch to the space.","eq,1,bed; ge,12,plush_toy; eq,2,desk; eq,2,chair","eq,1,bed,bunk","ge,2,on,0,bed,plush_toy; gt,10,on,0,desk,plush_toy; eq,2,front,0,desk,chair; eq,2,face,0,desk,chair","eq,1,next,bed,window; eq,2,against,desk,wall",hard,SceneEval-100,42,FALSE
43,"A modern living room featuring an L-shaped sofa facing a wall-mounted TV above a floating media cabinet. Two leather accent chairs face a glass coffee table in the center, which displays two art books. A bar cart stocked with glasses and bottles stands in the corner, while three pendant lights hang gracefully from the ceiling. The sofa is flanked by two side tables, one of which holds a table lamp, and a large abstract painting decorates the wall.","eq,1,sofa; eq,1,TV; eq,1,wall_cabinet; eq,2,chair; eq,1,coffee_table; eq,2,book; eq,1,bar_cart; ge,2,glass; ge,2,bottle; eq,3,pendant_light; eq,2,side_table; eq,1,table_lamp; eq,1,painting  ","eq,1,sofa,l_shaped; eq,1,TV,wall_mounted; eq,2,chair,leather_accent; eq,1,coffee_table,glass; eq,1,painting,large; eq,1,painting,abstract","eq,1,face,0,TV,sofa; eq,1,above,0,wall_cabinet,TV; eq,2,face,0,coffee_table,chair; eq,2,on,0,coffee_table,book; ge,2,inside,0,bar_cart,glass; ge,2,inside,0,bar_cart,bottle; eq,1,left,0,sofa,side_table; eq,1,right,0,sofa,side_table; eq,1,on,0,side_table,table_lamp","eq,1,on,TV,wall; eq,1,on,wall_cabinet,wall; eq,1,corner,bar_cart,room; eq,3,hang,pendant_light,ceiling; eq,1,on,painting,wall",hard,SceneEval-100,43,FALSE
44,"The room is dimly lit, creating a somber atmosphere in a cozy and well-furnished living room. In the center of the room, there is a dining table with four wooden dining chairs arranged neatly around it. The table appears to be set, indicating a recent meal or gathering. Adjacent to the dining area, There is a glass coffee table serving as a centerpiece for the seating arrangement. It is both stylish and practical, providing a surface for drinks or decor. A multi-seat sofa is in front of the coffee table, providing ample seating for guests. Completing the seating options, two comfortable armchairs also face the coffee table on opposite sides near the sofa. Next to the sofa and each armchair is a corner side table, adding a touch of functionality and convenience. Each table has a lamp on it for lighting. The sofa and seating arrangement should face an opposite wall, against which someone in the scene could view a large flatscreen TV. The TV is supported by a TV stand with storage underneath for various books. The room appears to reflect the inhabitants' taste for a warm and inviting environment, despite the unsettling news program playing on the TV in the background. The juxtaposition of the serene living room with the chaos and screams on the TV screen creates a sense of tension and unease.","eq,1,dining_table; eq,4,dining_chair; eq,1,coffee_table; eq,1,sofa; eq,2,armchair; eq,2,side_table; eq,2,lamp; eq,1,TV; eq,1,TV_stand","eq,4,dining_chair,wooden; eq,1,coffee_table,glass; eq,1,coffee_table,stylish; eq,1,coffee_table,practical; eq,1,sofa,multi-seat; eq,2,side_table,corner; eq,1,TV,large; eq,1,TV,flatscreen; eq,1,TV_stand,has_storage_space","eq,1,around,0,dining_table,dining_chair:0,dining_chair:1,dining_chair:2,dining_chair:3; eq,1,front,0,sofa,coffee_table; eq,1,face,0,coffee_table,sofa; eq,2,front,0,armchair,coffee_table; eq,2,face,0,coffee_table,armchair; eq,1,left,0,sofa,armchair; eq,1,right,0,sofa,armchair; eq,2,near,0,sofa,armchair; eq,2,next,0,sofa,side_table; eq,2,next,0,armchair,side_table; eq,2,on,0,side_table,lamp; eq,1,front,0,sofa,TV_stand; eq,1,face,0,sofa,TV_stand; eq,1,front,0,sofa,TV; eq,1,face,0,sofa,TV; eq,1,on,0,TV_stand,TV; eq,1,across,0,sofa,TV_stand","eq,1,center,dining_table,room; eq,1,against,sofa,wall; eq,1,against,TV_stand,wall",hard,SceneEval-100,44,FALSE
45,"A modern living room featuring four sofa chairs surrounding a circular ceramic table, with two floor lamps positioned adjacent to the table. All the furniture is set on a large rectangular rug in the middle of the room. A large wooden tray with two glass bowls rests on top of the table. A mirror is mounted on the wall next to the window, flanked by a wall lamp on each side.","eq,4,sofa_chair; eq,1,table; eq,1,rug; eq,2,floor_lamp; eq,1,tray; eq,2,bowl; eq,1,mirror; eq,2,wall_lamp","eq,1,table,ceramic; eq,1,table,circular; eq,1,rug,rectangular; eq,1,rug,large; eq,1,tray,wooden; eq,1,tray,large; eq,2,bowl,glass","eq,1,surround,0,table,sofa_chair:0,sofa_chair:1,sofa_chair:2,sofa_chair:3; eq,2,adjacent,0,table,floor_lamp; eq,1,on,0,rug,table; eq,4,on,0,rug,sofa_chair; eq,2,on,0,rug,floor_lamp; eq,1,on,0,table,tray; eq,2,on,0,tray,bowl; eq,1,left,0,mirror,wall_lamp; eq,1,right,0,mirror,wall_lamp","eq,1,middle,rug,room; eq,1,next,mirror,window; eq,1,on,mirror,wall; eq,2,on,wall_lamp,wall",hard,SceneEval-100,45,FALSE
46,"An open-plan dining area featuring a round table surrounded by six mid-century modern chairs. A grand chandelier illuminates the table, while a sideboard with four drawers rests against the wall, topped with three potted plants. Two wall sconces provide additional lighting, flanking a large mirror that hangs between them. A wine cabinet is positioned in the corner, with a serving cart placed nearby for added convenience.","eq,1,table; eq,6,chair; eq,1,chandelier; eq,1,sideboard; eq,3,potted_plant; eq,2,sconce; eq,1,mirror; eq,1,wine_cabinet; eq,1,serving_cart","eq,1,table,round; eq,6,chair,mid_century_modern; eq,1,chandelier,grand; eq,1,sideboard,with_four_drawers; eq,1,mirror,large","eq,1,surround,0,table,chair:0,chair:1,chair:2,chair:3,chair:4,chair:5; eq,1,above,0,table,chandelier; eq,3,on,0,sideboard,potted_plant; eq,1,left,0,mirror,sconce; eq,1,right,0,mirror,sconce; eq,1,near,0,wine_cabinet,serving_cart","eq,1,hang,chandelier,ceiling; eq,1,against,sideboard,wall; eq,2,on,sconce,wall; eq,1,on,mirror,wall; eq,1,corner,wine_cabinet,room",hard,SceneEval-100,46,FALSE
50,"A cozy bedroom featuring a queen-sized bed against a soft pastel wall, with a small desk and bookshelf tucked neatly into the corner.","eq,1,bed; eq,1,desk; eq,1,bookshelf","eq,1,bed,queen_sized; eq,1,desk,small","eq,1,near,0,desk,bookshelf","eq,1,against,bed,wall; eq,1,corner,desk,room; eq,1,corner,bookshelf,room",easy,SceneEval-100,50,FALSE
51,"A simple bedroom featuring a full bed flanked by two bedside lamps, with a large wardrobe positioned directly facing the bed.","eq,1,bed; eq,2,lamp; eq,1,wardrobe","eq,1,bed,full; eq,1,wardrobe,large","eq,1,left,0,bed,lamp; eq,1,right,0,bed,lamp; eq,1,face,0,bed,wardrobe",,easy,SceneEval-100,51,FALSE
52,"A bright bedroom with a king-sized bed, a plush area rug under it, and a dresser along the wall.","eq,1,bed; eq,1,area_rug; eq,1,dresser","eq,1,bed,king_sized; eq,1,area_rug,plush","eq,1,on,0,area_rug,bed","eq,1,against,dresser,wall",easy,SceneEval-100,52,FALSE
53,"A large bedroom with a California king bed, a reading table in the corner with a comfy chair, and a wall-mounted TV for entertainment.","eq,1,bed; eq,1,reading_table; eq,1,chair; eq,1,TV","eq,1,bed,california_king; eq,1,chair,comfy","eq,1,near,0,reading_table,chair; eq,1,face,0,reading_table,chair","eq,1,corner,reading_table,room; eq,1,on,TV,wall",easy,SceneEval-100,53,FALSE
54,"A living room featuring an overstuffed sofa, a vintage wooden table, alongside a bicycle hung decoratively on the wall.","eq,1,sofa; eq,1,table; eq,1,bicycle","eq,1,sofa,overstuffed; eq,1,table,vintage; eq,1,table,wooden","eq,1,near,0,table,bicycle","eq,1,on,bicycle,wall",easy,SceneEval-100,54,FALSE
55,"A chic living room with a bright rug, a gallery wall of family photos, and a comfortable hammock chair.","eq,1,rug; ge,2,family_photo; eq,1,hammock_chair","eq,1,rug,bright; eq,1,hammock_chair,comfortable",,"ge,2,on,family_photo,wall",easy,SceneEval-100,55,FALSE
56,"A contemporary living room with a leather sofa, a small coffee table, and a vintage typewriter.","eq,1,sofa; eq,1,coffee_table; eq,1,typewriter","eq,1,sofa,leather; eq,1,coffee_table,small; eq,1,typewriter,vintage",,,easy,SceneEval-100,56,FALSE
57,"A sunny dining room with a large picnic-style table, a colorful tablecloth, and a lovely herb garden next to the window.","eq,1,table; eq,1,tablecloth; eq,1,herb_garden","eq,1,table,large; eq,1,table,picnic_style; eq,1,tablecloth,colorful; eq,1,herb_garden,lovely","eq,1,on,0,table,tablecloth","eq,1,next,herb_garden,window",easy,SceneEval-100,57,FALSE
58,"A simple dining room featuring a farmhouse table, a rustic chandelier, and a small cart placed against the wall.","eq,1,table; eq,1,chandelier; eq,1,cart","eq,1,table,farmhouse; eq,1,chandelier,rustic; eq,1,cart,small",,"eq,1,against,cart,wall",easy,SceneEval-100,58,FALSE
59,"A minimalist dining room with a glass table and an industrial-style metal chair next to it, accented by a unique wall-mounted wine rack.","eq,1,table; eq,1,chair; eq,1,wine_rack","eq,1,table,glass; eq,1,chair,industrial-style; eq,1,chair,metal; eq,1,wine_rack,unique","eq,1,next,0,table,chair","eq,1,on,wine_rack,wall",easy,SceneEval-100,59,FALSE
60,"In a cheerful playroom, a spacious foam play mat lies in the middle, with a small climbing structure positioned nearby for active play, and a cozy bench situated against the wall.","eq,1,play_mat; eq,1,climbing_structure; eq,1,bench","eq,1,play_mat,form; eq,1,play_mat,spacious; eq,1,climbing_structure,small; eq,1,bench,cozy","eq,1,next,0,play_mat,climbing_structure","eq,1,middle,play_mat,room; eq,1,against,bench,wall",easy,SceneEval-100,60,FALSE
61,"This playroom features a large colorful rug at its center, with a play kitchen set against one wall and a rocking horse placed on the rug.","eq,1,rug; eq,1,play_kitchen_set; eq,1,rocking_horse","eq,1,rug,large; eq,1,rug,colorful","eq,1,on,0,rug,rocking_horse","eq,1,middle,rug,room; eq,1,against,play_kitchen_set,wall",easy,SceneEval-100,61,FALSE
62,"A compact gaming room is designed with an adjustable computer desk and chair for PC gaming, positioned next to a large TV and a comfortable couch.","eq,1,computer_desk; eq,1,chair; eq,1,TV; eq,1,couch","eq,1,computer_desk,adjustable; eq,1,TV,large; eq,1,couch,comfortable","eq,1,next,0,TV,computer_desk; eq,1,next,0,TV,chair; eq,1,next,0,couch,computer_desk; eq,1,next,0,couch,chair",,easy,SceneEval-100,62,FALSE
63,"A minimalist gaming room features a wall-mounted screen paired with a low-profile media console below, while a compact gaming desk with an ergonomic chair is positioned nearby.","eq,1,screen; eq,1,media_console; eq,1,gaming_desk; eq,1,chair","eq,1,screen,wall_mounted; eq,1,media_console,low_profile; eq,1,gaming_desk,compact; eq,1,chair,ergonomic","eq,1,above,0,media_console,screen; eq,1,near,0,media_console,gaming_desk; eq,1,next,0,gaming_desk,chair","eq,1,on,screen,wall",easy,SceneEval-100,63,FALSE
64,A kitchen featuring a bistro table with two chairs in a corner and a refrigerator positioned nearby.,"eq,1,bistro_table; eq,2,chair; eq,1,refrigerator",,"eq,2,next,0,bistro_table,chair; eq,1,near,0,bistro_table,refrigerator","eq,1,corner,bistro_table,room",easy,SceneEval-100,64,FALSE
65,"A stylish kitchen with an elegant pendant light hanging over a marble-topped kitchen counter. A single cabinet is positioned against the wall, providing ample storage space.","eq,1,pendant_light; eq,1,kitchen_counter; eq,1,cabinet","eq,1,pendant_light,elegant; eq,1,kitchen_counter,marble_topped","eq,1,above,0,kitchen_counter,pendant_light","eq,1,hang,pendant_light,ceiling; eq,1,against,cabinet,wall",easy,SceneEval-100,65,FALSE
66,A bathroom with a freestanding bathtub positioned beside a frosted window and a double vanity located across from it.,"eq,1,bathtub; eq,1,vanity","eq,1,bathtub,freestanding; eq,1,vanity,double","eq,1,across,0,bathtub,vanity","eq,1,beside,bathtub,window",easy,SceneEval-100,66,FALSE
67,"In a classic bathroom, a double-sink vanity is set against one wall with two round mirrors hanging above, while a toilet is positioned in the corner.","eq,1,vanity; eq,2,mirror; eq,1,toilet","eq,1,vanity,double_sink; eq,2,mirror,round","eq,2,above,0,vanity,mirror","eq,1,against,vanity,wall; eq,2,on,mirror,wall; eq,1,corner,toilet,room",easy,SceneEval-100,67,FALSE
68,"In this basement, a pool table occupies the center of the room, with two bar stools lined up at a nearby bar table, allowing for social gatherings and entertainment.","eq,1,pool_table; eq,2,bar_stool; eq,1,bar_table",,"eq,2,next_to,0,bar_table,bar_stool","eq,1,middle,pool_table,room",easy,SceneEval-100,68,FALSE
69,"A gym-purpose basement featuring a treadmill and an exercise bike positioned against one wall, with a tall mirror mounted on a wall directly facing the exercise bike.","eq,1,treadmill; eq,1,exercise_bike; eq,1,mirror","eq,1,mirror,tall","eq,1,face,0,exercise_bike,mirror","eq,1,against,treadmill,wall; eq,1,against,exercise_bike,wall; eq,1,on,mirror,wall",easy,SceneEval-100,69,FALSE
70,"This is a small, plain bedroom. Upon entering through the door, a white desk with a black rolling chair in front of it is positioned against the wall to the right. A queen bed is centered against a wall, with two modern nightstands beside it, one of which holds a stylish lamp.","eq,1,desk; eq,1,rolling_chair; eq,1,bed; eq,2,nightstand; eq,1,lamp","eq,1,desk,white; eq,1,rolling_chair,black; eq,1,bed,queen; eq,2,nightstand,modern; eq,1,lamp,stylish","eq,1,front,0,desk,rolling_chair; eq,1,left,0,bed,nightstand; eq,1,right,0,bed,nightstand; eq,1,on,0,nightstand,lamp","eq,1,against,desk,wall; eq,1,against,bed,wall",medium,SceneEval-100,70,FALSE
71,"A large bedroom with a lofted twin bed in one corner, freeing up the floor space below for a comfy armchair and a small side table. A bookcase stands against the wall next to the armchair, while a small desk, equipped with a pen and some papers along with a lamp for studying, is positioned near the window.","eq,1,bed; eq,1,armchair; eq,1,side_table; eq,1,bookcase; eq,1,desk; eq,1,pen; gt,1,paper; eq,1,lamp","eq,1,bed,lofted; eq,1,bed,twin; eq,1,armchair,comfy; eq,1,side_table,small; eq,1,desk,small","eq,1,beneath,0,bed,armchair; eq,1,beneath,0,bed,side_table; eq,1,next,0,armchair,bookcase; eq,1,on,0,desk,pen; gt,1,on,0,desk,paper; eq,1,on,0,desk,lamp","eq,1,corner,bed,room; eq,1,against,bookcase,wall; eq,1,near,desk,window",medium,SceneEval-100,71,FALSE
72,"A bedroom with a modern queen bed against the main wall. Two bedside tables stand on either side, while a small writing desk is positioned in the corner next to the window, equipped with a cute desk lamp. A wicker basket lies at the foot of the bed.","eq,1,bed; eq,2,bedside_table; eq,1,writing_desk; eq,1,desk_lamp; eq,1,basket","eq,1,bed,modern; eq,1,bed,queen; eq,1,writing_desk,small; eq,1,desk_lamp,cute; eq,1,basket,wicker","eq,1,left,0,bed,bedside_table; eq,1,right,0,bed,bedside_table; eq,1,at_the_foot,0,bed,basket; eq,1,next,0,bed,basket","eq,1,against,bed,wall; eq,1,corner,writing_desk,room; eq,1,next,writing_desk,window",medium,SceneEval-100,72,FALSE
73,"A bedroom featuring a queen-sized bed against one wall, with a whimsical painting hung above it. A small bedside table sits to the left of the bed, holding a cute alarm clock, while a dresser stands across from the door.","eq,1,bed; eq,1,painting; eq,1,bedside_table; eq,1,alarm_clock; eq,1,dresser","eq,1,bed,queen-sized; eq,1,painting,whimsical; eq,1,bedside_table,small; eq,1,alarm_clock,cute","eq,1,above,0,bed,painting; eq,1,left,0,bed,bedside_table; eq,1,on,0,bedside_table,alarm_clock","eq,1,against,bed,wall; eq,1,across,dresser,door",medium,SceneEval-100,73,FALSE
74,"A living room with a sectional sofa, a wooden coffee table in the middle, and a retro record player in the corner with some records nearby.","eq,1,sofa; eq,1,coffee_table; eq,1,record_player; ge,2,record","eq,1,sofa,sectional; eq,1,coffee_table,wooden; eq,1,record_player,retro","ge,2,near,0,record_player,record","eq,1,middle,coffee_table,room; eq,1,corner,record_player,room",medium,SceneEval-100,74,FALSE
75,"A living room with a large wall-mounted screen, several chairs arranged in front of it, and a collection of board games on a shelf in the corner.","eq,1,screen; ge,2,chair; ge,2,board_game; eq,1,shelf","eq,1,screen,wall_mounted","ge,2,front,0,screen,chair; ge,2,inside,0,shelf,board_game","eq,1,on,screen,wall; eq,1,corner,shelf,room",medium,SceneEval-100,75,FALSE
76,"A cozy living room with an L-shaped oversized sofa against one wall, adorned with three colorful pillows. In front of the sofa, a wooden coffee table holds a small vase with fresh flowers.","eq,1,sofa; eq,3,pillow; eq,1,coffee_table; eq,1,vase; ge,2,flower","eq,1,sofa,oversized; eq,1,sofa,l_shaped; eq,3,pillow,colorful; eq,1,coffee_table,wooden; eq,1,vase,small; ge,2,flower,fresh","eq,3,on,0,sofa,pillow; eq,1,front,0,sofa,coffee_table; eq,1,on,0,coffee_table,vase; ge,2,within,0,vase,flower","eq,1,against,sofa,wall",medium,SceneEval-100,76,FALSE
77,"A dining room featuring a simple rectangular table, a corner shelf filled with cookbooks, and a pendant light hanging from the ceiling.","eq,1,table; eq,1,shelf; ge,2,cookbook; eq,1,pendant_light","eq,1,table,rectangular","ge,2,inside,0,shelf,cookbook","eq,1,corner,shelf,room; eq,1,hang,pendant_light,ceiling",medium,SceneEval-100,77,FALSE
78,"A simple dining room with a picnic table, illuminated by string lights overhead, and a small cooler holding utensils and napkins.","eq,1,picnic_table; ge,2,string_light; eq,1,cooler; ge,2,utensil; ge,2,napkin","eq,1,cooler,small","ge,2,above,0,picnic_table,string_light; ge,2,within,0,cooler,utensil; ge,2,within,0,cooler,napkin","ge,2,hang,string_light,ceiling",medium,SceneEval-100,78,FALSE
79,"A dining room with a round wooden table in the middle of the room, surrounded by four wooden chairs, and a large vintage map displayed on the wall.","eq,1,table; eq,4,chair; eq,1,map","eq,1,table,round; eq,1,table,wooden; eq,4,chair,wooden; eq,1,map,large; eq,1,map,vintage","eq,1,surround,0,table,chair:0,chair:1,chair:2,chair:3","eq,1,middle,table,room; eq,1,on,map,wall",medium,SceneEval-100,79,FALSE
80,"A bright playroom featuring a low table with board games in the center, surrounded by three small chairs for group activities, while an adjacent puppet theater is positioned against the wall.","eq,1,table; ge,2,board_game; eq,3,chair; eq,1,puppet_theater","eq,1,table,low; eq,3,chair,small","ge,2,on,0,table,board_game; eq,1,surround,0,table,chair:0,chair:1,chair:2; eq,1,adjacent,0,table,puppet_theater","eq,1,against,puppet_theater,wall",medium,SceneEval-100,80,FALSE
81,"This engaging playroom features a small painting stand positioned next to the window, a bookshelf full of toys standing against the nearby wall, and a cozy reading chair set across from the door.","eq,1,painting_stand; eq,1,bookshelf; ge,2,toy; eq,1,reading_chair","eq,1,painting_stand,small; eq,1,reading_chair,cozy","eq,1,nearby,0,painting_stand,bookshelf; ge,2,within,0,bookshelf,toy","eq,1,next,painting_stand,window; eq,1,against,bookshelf,wall; eq,1,across,reading_chair,door",medium,SceneEval-100,81,FALSE
82,"A tech-styled gaming room featuring a glass gaming desk with dual monitors and a powerful gaming PC, with an ergonomic chair positioned directly in front.","eq,1,gaming_desk; eq,2,monitor; eq,1,gaming_PC; eq,1,chair","eq,1,gaming_desk,glass; eq,1,gaming_PC,powerful; eq,1,chair,ergonomic","eq,2,on,0,gaming_desk,monitor; eq,1,on,0,gaming_desk,gaming_PC; eq,1,front,0,gaming_desk,chair",,medium,SceneEval-100,82,FALSE
83,"A welcoming gaming room featuring a U-shaped sofa with a coffee table in front, facing a large TV on the wall. In the corner, there is a mini arcade machine and a PlayStation.","eq,1,sofa; eq,1,coffee_table; eq,1,TV; eq,1,arcade_machine; eq,1,PlayStation","eq,1,sofa,u_shape; eq,1,TV,large; eq,1,arcade_machine,mini","eq,1,front,0,sofa,coffee_table; eq,1,face,0,TV,sofa","eq,1,on,TV,wall; eq,1,corner,arcade_machine,room; eq,1,corner,PlayStation,room",medium,SceneEval-100,83,FALSE
84,"In this modern kitchen, a large bar table with four high-backed stools stands in the center, facilitating social gatherings, while a stainless steel fridge is positioned against the far wall, next to a sleek pantry shelf. A small bowl of fruit sits on the table's surface.","eq,1,bar_table; eq,4,stool; eq,1,fridge; eq,1,pantry_shelf; eq,1,bowl_of_fruit","eq,1,bar_table,large; eq,4,stool,high-backed; eq,1,fridge,stainless_steel; eq,1,pantry_shelf,sleek; eq,1,bowl_of_fruit,small","eq,4,next,0,bar_table,stool; eq,1,next,0,pantry_shelf,fridge; eq,1,on,0,bar_table,bowl_of_fruit","eq,1,middle,bar_table,room; eq,1,against,fridge,wall",medium,SceneEval-100,84,FALSE
85,"This cozy kitchen features a rustic wooden dining table positioned against the window, surrounded by four chairs. A sideboard against the wall is equipped with a coffee maker and a small herb planter.","eq,1,dining_table; eq,4,chair; eq,1,sideboard; eq,1,coffee_maker; eq,1,herb_planter","eq,1,dining_table,rustic; eq,1,dining_table,wooden; eq,1,herb_planter,small","eq,1,surround,0,dining_table,chair:0,chair:1,chair:2,chair:3; eq,1,on,0,sideboard,coffee_maker; eq,1,on,0,sideboard,herb_planter","eq,1,against,dining_table,window; eq,1,against,sideboard,wall",medium,SceneEval-100,85,FALSE
86,"In this bathroom, a wide vanity sits against the wall, paired with a tall mirror mounted above. Nearby, a stylish laundry hamper is positioned next to the door, while a small basket containing bath essentials rests beside the tub.","eq,1,vanity; eq,1,mirror; eq,1,laundry_hamper; eq,1,basket; ge,2,bath_essential; eq,1,tub","eq,1,vanity,wide; eq,1,mirror,tall; eq,1,laundry_hamper,stylish; eq,1,basket,small","eq,1,above,0,vanity,mirror; eq,1,near,0,vanity,laundry_hamper; ge,2,within,0,basket,bath_essential; eq,1,beside,0,tub,basket","eq,1,against,vanity,wall; eq,1,next,laundry_hamper,door",medium,SceneEval-100,86,FALSE
87,"A bright bathroom features a spacious bathtub positioned beside a large window, while a stylish shelving unit stands against the wall, displaying towels and small decorative items. The toilet is placed across from the tub, with a small basket beside it.","eq,1,bathtub; eq,1,shelving_unit; ge,2,towel; ge,2,decorative_item; eq,1,toilet; eq,1,basket","eq,1,bathtub,spacious; eq,1,shelving_unit,stylish; ge,2,decorative_item,small; eq,1,basket,small","ge,2,on,0,shelving_unit,towel; ge,2,on,0,shelving_unit,decorative_item; eq,1,across,0,bathtub,toilet; eq,1,beside,0,toilet,basket","eq,1,beside,bathtub,window; eq,1,against,shelving_unit,wall",medium,SceneEval-100,87,FALSE
88,"This versatile basement features a large sofa and an area rug in the center, creating a cozy movie area, while a small treadmill is positioned in the corner for quick exercise sessions. A mini chalkboard hangs on the wall next to a wall clock.","eq,1,sofa; eq,1,area_rug; eq,1,treadmill; eq,1,chalkboard; eq,1,wall_clock","eq,1,sofa,large; eq,1,treadmill,small; eq,1,chalkboard,mini","eq,1,on,0,area_rug,sofa; eq,1,next,0,wall_clock,chalkboard","eq,1,middle,sofa,room; eq,1,middle,area_rug,room; eq,1,corner,treadmill,room; eq,1,on,chalkboard,wall; eq,1,on,wall_clock,wall",medium,SceneEval-100,88,FALSE
89,"This entertaining basement layout features a large gaming setup with two monitors on a desk against one wall, while a comfy bean bag chair is positioned nearby for casual seating. Across from the gaming area, a small cabinet with a mini fridge and a popcorn machine on top completes the setup.","eq,2,monitor; eq,1,desk; eq,1,bean_bag_chair; eq,1,cabinet; eq,1,fridge; eq,1,popcorn_machine","eq,1,bean_bag_chair,comfy; eq,1,cabinet,small; eq,1,fridge,mini","eq,2,on,0,desk,monitor; eq,1,near,0,desk,bean_bag_chair; eq,1,across,0,desk,cabinet; eq,1,across,0,bean_bag_chair,cabinet; eq,1,on,0,cabinet,fridge; eq,1,on,0,cabinet,popcorn_machine","eq,1,against,desk,wall",medium,SceneEval-100,89,FALSE
90,"A welcoming bedroom with a full bed placed against the wall, flanked by two nightstands topped with a bedside clock and a decorative candle. A reading chair sits in the corner next to a tall bookshelf filled with novels.","eq,1,bed; eq,2,nightstand; eq,1,bedside_clock; eq,1,candle; eq,1,reading_chair; eq,1,bookshelf; ge,2,novel","eq,1,bed,full; eq,1,candle,decorative; eq,1,bookshelf,tall","eq,1,left,0,bed,nightstand; eq,1,right,0,bed,nightstand; eq,1,on,0,nightstand,bedside_clock; eq,1,on,0,nightstand,candle; eq,1,next,0,bookshelf,reading_chair; ge,2,within,0,bookshelf,novel","eq,1,against,bed,wall; eq,1,corner,reading_chair,room",hard,SceneEval-100,90,FALSE
91,"A bedroom featuring a vintage double bed dressed in soft linens, with a painting hanging on the wall above it. On either side of the bed are wooden nightstands, each with a small decorative vase. A tall chest of drawers stands against the opposite wall. A small round table in the corner holds a lamp, colorful cobblestones, and photo frames.","eq,1,bed; eq,1,painting; eq,2,nightstand; eq,2,vase; eq,1,chest_of_drawers; eq,1,table; eq,1,lamp; ge,2,cobblestone; ge,2,photo_frame","eq,1,bed,vintage; eq,1,bed,double; eq,1,bed,dressed_in_soft_linens; eq,1,painting,lovely; eq,2,nightstand,wooden; eq,2,vase,small; eq,2,vase,decorative; eq,1,table,small; eq,1,table,round; ge,2,cobblestone,colorful","eq,1,above,0,bed,painting; eq,1,left,0,bed,nightstand; eq,1,right,0,bed,nightstand; eq,2,on,0,nightstand,vase; eq,1,on,0,table,lamp; ge,2,on,0,table,cobblestone; ge,2,on,0,table,photo_frame","eq,1,on,painting,wall; eq,1,against,chest_of_drawers,wall; eq,1,corner,table,room",hard,SceneEval-100,91,FALSE
92,"A living room featuring a comfortable recliner chair placed next to a tall bookshelf filled with books and small sculptures. Across from the chair, a table next to a large window holds a collection of candles. In the center of the room, a round coffee table is surrounded by a simple sofa and two cube ottomans.","eq,1,recliner_chair; eq,1,bookshelf; ge,2,book; ge,2,sculpture; eq,1,table; ge,2,candle; eq,1,coffee_table; eq,1,sofa; eq,2,ottoman","eq,1,recliner_chair,comfortable; eq,1,bookshelf,tall; ge,2,sculpture,small; eq,1,coffee_table,round; eq,1,sofa,simple; eq,2,ottoman,cube","eq,1,next,0,bookshelf,recliner_chair; ge,2,within,0,bookshelf,book; ge,2,within,0,bookshelf,sculpture; eq,1,across,0,recliner_chair,table; ge,2,on,0,table,candle; eq,1,surround,0,coffee_table,sofa,ottoman:0,ottoman:1","eq,1,next,table,window; eq,1,middle,coffee_table,room",hard,SceneEval-100,92,FALSE
93,"A living room with a comfortable loveseat against the wall, adorned with plush cushions. Next to the loveseat, a small table holds a cup of tea and a remote control. A mid-century style coffee table sits in front of the loveseat with art magazines spread out. A large bookshelf containing books and newspapers lines the wall across from the door.","eq,1,loveseat; ge,2,cushion; eq,1,table; eq,1,cup_of_tea; eq,1,remote_control; eq,1,coffee_table; ge,2,art_magazine; eq,1,bookshelf; ge,2,book; ge,2,newspaper","eq,1,loveseat,comfortable; ge,2,cushion,plush; eq,1,table,small; eq,1,coffee_table,mid-century_style; eq,1,bookshelf,large","ge,2,on,0,loveseat,cushion; eq,1,next,0,loveseat,table; eq,1,on,0,table,cup_of_tea; eq,1,on,0,table,remote_control; eq,1,front,0,loveseat,coffee_table; ge,2,on,0,coffee_table,art_magazine; ge,2,within,0,bookshelf,book; ge,2,within,0,bookshelf,newspaper","eq,1,against,loveseat,wall; eq,1,against,bookshelf,wall; eq,1,across,bookshelf,door",hard,SceneEval-100,93,FALSE
94,"A dining room with a circular table surrounded by six vintage chairs, and an old wooden ladder against the wall displaying plants and decorative jars.","eq,1,table; eq,6,chair; eq,1,ladder; ge,2,plant; ge,2,jar","eq,1,table,circular; eq,6,chair,vintage; eq,1,ladder,wooden; ge,2,jar,decorative","eq,1,surround,0,table,chair:0,chair:1,chair:2,chair:3,chair:4,chair:5; ge,2,on,0,ladder,plant; ge,2,on,0,ladder,jar","eq,1,against,ladder,wall",hard,SceneEval-100,94,FALSE
95,"In this playroom, a large toy chest sits against the wall, overflowing with colorful building blocks, while a small craft table nearby is equipped with papers, crayons, and glue sticks for hands-on projects.","eq,1,toy_chest; ge,2,building_block; eq,1,craft_table; ge,2,paper; ge,2,crayon; ge,2,glue_stick","eq,1,toy_chest,large; ge,2,building_block,colorful; eq,1,craft_table,small","ge,2,within,0,toy_chest,building_block; eq,1,nearby,0,toy_chest,craft_table; ge,2,on,0,craft_table,paper; ge,2,on,0,craft_table,crayon; ge,2,on,0,craft_table,glue_stick","eq,1,against,toy_chest,wall; ",hard,SceneEval-100,95,FALSE
96,"This gaming room features powerful speakers positioned in every corner to create an immersive audio experience, with a large screen mounted opposite a plush sofa. A small table beside the sofa holds various game controllers.","eq,4,speaker; eq,1,screen; eq,1,sofa; eq,1,table; ge,2,game_controller","eq,4,speaker,powerful; eq,1,screen,large; eq,1,sofa,plush; eq,1,table,small","eq,1,face,0,sofa,screen; eq,1,beside,0,sofa,table; ge,2,on,0,table,game_controller","eq,4,corner,speaker,room; eq,1,on,screen,wall",hard,SceneEval-100,96,FALSE
100,"A pet store with aquariums along one wall, exactly two shelf units where one displays pet food bags and the other displays pet toys, pet beds on the floor, and a checkout counter near the entrance.","ge,2,aquarium; eq,2,shelf_unit; ge,2,pet_food_bag; ge,2,pet_toy; ge,2,pet_bed; eq,1,checkout_counter",,"ge,2,on,0,shelf_unit,pet_food_bag; ge,2,on,1,shelf_unit,pet_toy","ge,2,against,aquarium,wall; eq,1,near,checkout_counter,door",medium,type_diversity,,FALSE
101,"A bookstore with at least four tall bookshelves, each containing at least five books. A central display table showcases featured titles, and two comfortable reading chairs sit in one corner.","ge,4,bookshelf; ge,20,book; eq,1,display_table; eq,2,reading_chair","ge,4,bookshelf,tall; eq,2,reading_chair,comfortable","ge,20,within,0,bookshelf,book; ge,2,on,0,display_table,book","eq,1,middle,display_table,room; eq,2,corner,reading_chair,room",medium,type_diversity,,FALSE
102,"A small grocery store with two refrigerated display cases along one wall. Two tables near the entrance hold produce bins, each containing at least three fruits. At least four shopping baskets are stacked by the door.","eq,2,refrigerated_display_case; eq,2,table; eq,2,produce_bin; ge,6,fruit; ge,4,shopping_basket",,"eq,2,on,0,table,produce_bin; ge,6,within,0,produce_bin,fruit","eq,2,against,refrigerated_display_case,wall; eq,2,near,table,door; ge,4,near,shopping_basket,door",medium,type_diversity,,FALSE
103,"A pharmacy with a pharmacy counter in the back of the room. Two shelves stand against the walls, each holding at least four medicine bottles. Three waiting chairs are arranged near the counter.","eq,1,pharmacy_counter; eq,2,shelf; ge,8,medicine_bottle; eq,3,waiting_chair",,"ge,8,on,0,shelf,medicine_bottle; ge,3,near,0,pharmacy_counter,waiting_chair","eq,2,against,shelf,wall",easy,type_diversity,,FALSE
104,"A toy store with two large toy bins in the middle of the room, each containing at least five stuffed animals. Three shelves along the walls display multiple board games each, and a rocking horse sits in one corner.","eq,2,toy_bin; ge,10,stuffed_animal; eq,3,shelf; ge,6,board_game; eq,1,rocking_horse","eq,2,toy_bin,large","ge,10,within,0,toy_bin,stuffed_animal; ge,6,on,0,shelf,board_game","eq,2,middle,toy_bin,room; eq,3,against,shelf,wall; eq,1,corner,rocking_horse,room",medium,type_diversity,,FALSE
105,"An electronics store with two display tables in the center, one showcasing three laptops and the other holding four tablets. Two large televisions are mounted on the wall, and a headphone display stand holds headphones.","eq,2,display_table; eq,3,laptop; eq,4,tablet; eq,2,television; eq,1,display_stand; ge,2,headphones","eq,2,television,large","eq,3,on,0,display_table,laptop; eq,4,on,1,display_table,tablet; ge,2,on,0,display_stand,headphones","eq,2,middle,display_table,room; eq,2,on,television,wall",hard,type_diversity,,FALSE
106,"A furniture showroom with a sofa and coffee table arrangement in one corner, a dining table surrounded by four chairs in the center, and two floor lamps positioned near the walls. A large rug lies under the dining set.","eq,1,sofa; eq,1,coffee_table; eq,1,dining_table; eq,4,dining_chair; eq,2,floor_lamp; eq,1,rug","eq,1,rug,large","eq,1,near,0,sofa,coffee_table; eq,1,surround,0,dining_table,dining_chair:0,dining_chair:1,dining_chair:2,dining_chair:3; eq,1,below,0,dining_table,rug","eq,1,corner,sofa,room; eq,1,middle,dining_table,room; eq,2,near,floor_lamp,wall",hard,type_diversity,,FALSE
107,"A flower shop with three flower buckets on the floor, each holding flowers. A wooden table displays potted plants. A potted bonsai tree sits in one corner, and two Christmas trees stand in another corner.","eq,3,flower_bucket; ge,6,flower; eq,1,table; ge,2,potted_plant; eq,1,bonsai_tree; eq,2,christmas_tree","eq,1,table,wooden","ge,6,within,0,flower_bucket,flower; ge,2,on,0,table,potted_plant","eq,1,corner,bonsai_tree,room; eq,2,corner,christmas_tree,room",easy,type_diversity,,FALSE
108,"A hotel lobby with a reception desk in the back of the room. A seating area in the center features two sofas facing each other with a coffee table between them. A luggage cart stands near the entrance, and a large chandelier hangs from the ceiling.","eq,1,reception_desk; eq,2,sofa; eq,1,coffee_table; eq,1,luggage_cart; eq,1,chandelier","eq,1,chandelier,large","eq,1,face,0,sofa,sofa; eq,1,between,0,coffee_table,sofa:0,sofa:1","eq,1,middle,coffee_table,room; eq,1,near,luggage_cart,door; eq,1,hang,chandelier,ceiling",hard,type_diversity,,FALSE
109,"A hotel room with a queen bed flanked by two nightstands, a desk with a chair, and a luggage rack in the corner.","eq,1,bed; eq,2,nightstand; eq,1,desk; ge,1,chair; eq,1,luggage_rack","eq,1,bed,queen","ge,1,left,0,bed,nightstand; ge,1,right,0,bed,nightstand; ge,1,near,0,desk,chair","eq,1,corner,luggage_rack,room",easy,type_diversity,,FALSE
110,"A restaurant with four dining tables, each surrounded by four chairs. A bar counter runs along one wall with six bar stools in front. Two potted plants flank the entrance, and pendant lights hang above each table.","eq,4,dining_table; eq,16,chair; eq,1,bar_counter; eq,6,bar_stool; eq,2,potted_plant; eq,4,pendant_light",,"ge,1,surround,0,dining_table,chair:0,chair:1,chair:2,chair:3; ge,16,near,0,dining_table,chair; ge,6,front,0,bar_counter,bar_stool; ge,4,above,0,dining_table,pendant_light","eq,1,against,bar_counter,wall; eq,2,near,potted_plant,door",hard,type_diversity,,FALSE
111,"A cafe with a bar counter along one wall featuring a coffee machine, a filter coffee stand, and stacks of stone coffee cups. Three small round tables with two chairs each are arranged in the center. A chalkboard menu hangs on the wall behind the counter.","eq,1,bar_counter; eq,1,coffee_machine; eq,1,filter_coffee_stand; ge,4,coffee_cup; eq,3,table; eq,6,chair; eq,1,chalkboard","eq,3,table,small; eq,3,table,round; ge,4,coffee_cup,stone","eq,1,on,0,bar_counter,coffee_machine; eq,1,on,0,bar_counter,filter_coffee_stand; ge,4,on,0,bar_counter,coffee_cup; ge,6,near,0,table,chair","eq,1,on,chalkboard,wall",hard,type_diversity,,FALSE
112,A bar with a long wooden bar counter and five bar stools. Shelves behind the counter display bottles. Two high tables with two stools each are near the window.,"eq,1,bar_counter; eq,5,bar_stool; ge,2,shelf; ge,2,bottle; eq,2,table; eq,4,stool","eq,1,bar_counter,long; eq,1,bar_counter,wooden; eq,2,table,high","ge,5,near,0,bar_counter,bar_stool; ge,2,on,0,shelf,bottle; ge,4,near,0,table,stool","eq,2,near,table,window",medium,type_diversity,,FALSE
113,"A diner with three booth tables against the wall, a jukebox in the corner, and a hostess stand near the entrance.","eq,3,booth_table; eq,1,jukebox; eq,1,hostess_stand",,,"ge,3,against,booth_table,wall; eq,1,corner,jukebox,room; eq,1,near,hostess_stand,door",easy,type_diversity,,FALSE
114,"A private office with a desk and office chair, a shelf with books against the wall, and two guest chairs facing the desk.","eq,1,desk; eq,1,office_chair; eq,1,shelf; ge,2,book; eq,2,guest_chair",,"ge,2,on,0,shelf,book; ge,2,face,0,desk,guest_chair","eq,1,against,shelf,wall",easy,type_diversity,,FALSE
115,An open office with four desks arranged in pairs facing each other. Each desk has a monitor and an office chair. A water cooler stands in the corner.,"eq,4,desk; eq,4,monitor; eq,4,office_chair; eq,1,water_cooler",,"eq,4,on,0,desk,monitor; ge,4,near,0,desk,office_chair","eq,1,corner,water_cooler,room",medium,type_diversity,,FALSE
116,"A conference room with a long table surrounded by eight chairs. A projector screen hangs on the wall, and a whiteboard is mounted on another wall.","eq,1,table; eq,8,chair; eq,1,projector_screen; eq,1,whiteboard","eq,1,table,long","ge,1,surround,0,table,chair:0,chair:1,chair:2,chair:3,chair:4,chair:5,chair:6,chair:7","eq,1,on,projector_screen,wall; eq,1,on,whiteboard,wall",medium,type_diversity,,FALSE
117,"A reception area with a reception desk, at least three waiting chairs, and a potted plant in the corner.","eq,1,reception_desk; ge,3,waiting_chair; eq,1,potted_plant",,,"eq,1,corner,potted_plant,room",easy,type_diversity,,FALSE
118,"A classroom with six student desks, each with a chair. A teacher's desk sits at the front near the chalkboard, which hangs on the wall.","eq,7,desk; ge,6,chair; eq,1,chalkboard",,"ge,6,near,0,desk,chair; ge,1,near,0,desk,chalkboard","eq,1,on,chalkboard,wall",medium,type_diversity,,FALSE
119,"A library with shelves containing books, reading tables with chairs, and a commercial printer.","ge,2,shelf; ge,4,book; ge,2,table; ge,2,chair; eq,1,commercial_printer",,"ge,4,on,0,shelf,book; ge,2,near,0,table,chair","ge,2,against,shelf,wall",easy,type_diversity,,FALSE
120,"A computer lab with six desks, each with a monitor, keyboard, and chair. A printer sits in the corner.","eq,6,desk; eq,6,monitor; eq,6,keyboard; eq,6,chair; eq,1,printer",,"eq,6,on,0,desk,monitor; eq,6,on,0,desk,keyboard; ge,6,near,0,desk,chair","eq,1,corner,printer,room",medium,type_diversity,,FALSE
121,"An art studio with easels, stools, and a supply cabinet in the corner.","ge,2,easel; ge,2,stool; eq,1,cabinet",,,"eq,1,corner,cabinet,room",easy,type_diversity,,FALSE
122,"A music room with a piano, a drum set, and music stands with chairs.","eq,1,piano; eq,1,drum_set; ge,2,music_stand; ge,2,chair",,"ge,2,near,0,music_stand,chair","eq,1,against,piano,wall",easy,type_diversity,,FALSE
123,"A medical exam room with an exam table, a doctor's stool, and a cabinet with medical supplies and a blood pressure monitor.","eq,1,medical_exam_table; eq,1,stool; eq,1,cabinet; ge,2,medical_supply; eq,1,blood_pressure_monitor",,"ge,2,on,0,cabinet,medical_supply; eq,1,on,0,cabinet,blood_pressure_monitor","eq,1,against,cabinet,wall",medium,type_diversity,,FALSE
124,"A hospital room with a hospital bed, an IV stand, a bedside table, and a visitor chair.","eq,1,hospital_bed; eq,1,iv_stand; eq,1,bedside_table; eq,1,chair",,"eq,1,near,0,hospital_bed,bedside_table; eq,1,near,0,hospital_bed,iv_stand",,easy,type_diversity,,FALSE
125,"A dental office with a dental chair, a dentist's stool, a dental light overhead, and a cabinet with dental tools.","eq,1,dental_chair; eq,1,stool; eq,1,dental_light; eq,1,cabinet; ge,2,dental_tool",,"eq,1,above,0,dental_chair,dental_light; ge,2,on,0,cabinet,dental_tool",,medium,type_diversity,,FALSE
126,"A waiting room with chairs along the walls, a coffee table with magazines, and a water dispenser in the corner.","ge,2,chair; eq,1,coffee_table; ge,2,magazine; eq,1,water_dispenser",,"ge,2,on,0,coffee_table,magazine","ge,2,against,chair,wall; eq,1,corner,water_dispenser,room",easy,type_diversity,,FALSE
127,"A physical therapy room with a treatment table, exercise mats on the floor, dumbbells, and a full-length mirror on the wall.","eq,1,treatment_table; ge,2,exercise_mat; ge,2,dumbbell; eq,1,mirror","eq,1,mirror,full-length",,"eq,1,on,mirror,wall",medium,type_diversity,,FALSE
128,"A gym with two treadmills and two exercise bikes along the wall. A weight rack holds dumbbells. A squat rack has five 45-pound weight plates stacked next to it. Exercise balls are in the corner, and a large mirror covers one wall.","eq,2,treadmill; eq,2,exercise_bike; eq,1,weight_rack; ge,2,dumbbell; eq,1,squat_rack; ge,5,weight_plate; ge,2,exercise_ball; eq,1,mirror","eq,1,mirror,large","ge,2,on,0,weight_rack,dumbbell; ge,5,near,0,squat_rack,weight_plate","ge,2,corner,exercise_ball,room; eq,1,on,mirror,wall",hard,type_diversity,,FALSE
129,"A yoga studio with yoga mats on the floor, a mirror on the wall, and meditation cushions in the corner.","ge,2,yoga_mat; eq,1,mirror; ge,2,meditation_cushion",,,"eq,1,on,mirror,wall; ge,2,corner,meditation_cushion,room",easy,type_diversity,,FALSE
130,"A dance studio with a ballet barre along the wall, a large mirror, and a speaker in the corner.","eq,1,ballet_barre; eq,1,mirror; eq,1,speaker","eq,1,mirror,large",,"eq,1,on,mirror,wall; eq,1,corner,speaker,room",easy,type_diversity,,FALSE
131,"A spa treatment room with a massage table, a cabinet with towels, and candles on a round side table.","eq,1,massage_table; eq,1,cabinet; ge,2,towel; eq,1,round_table; ge,2,candle","eq,1,round_table,round","ge,2,on,0,cabinet,towel; ge,2,on,0,round_table,candle","eq,1,against,cabinet,wall",easy,type_diversity,,FALSE
132,"A robotics lab with two workbenches with robotic arms. Tool shelves on the wall hold tools, and a 3D printer sits in the corner.","eq,2,workbench; ge,2,shelf; ge,4,tool; eq,1,3d_printer",,"ge,4,on,0,shelf,tool","ge,2,on,shelf,wall; eq,1,corner,3d_printer,room",medium,type_diversity,,FALSE
133,"A workshop with a wooden workbench, a stool, and a model airplane on the workbench. A tool box contains tools including a drill, hammer, screwdriver, and tape.","eq,1,workbench; eq,1,stool; eq,1,model_airplane; eq,1,tool_box; ge,1,drill; ge,1,hammer; ge,1,screwdriver; ge,1,tape","eq,1,workbench,wooden","eq,1,on,0,workbench,model_airplane; ge,1,within,0,tool_box,drill; ge,1,within,0,tool_box,hammer; ge,1,within,0,tool_box,screwdriver; ge,1,within,0,tool_box,tape","eq,1,against,workbench,wall",medium,type_diversity,,FALSE
134,"A garage with a car, a workbench, tires stacked in the corner, and a ladder against the wall.","eq,1,car; eq,1,workbench; ge,2,tire; eq,1,ladder",,,"ge,2,corner,tire,room",easy,type_diversity,,FALSE
135,"A server room with three server racks, a fire extinguisher in the corner, and a desk with two monitors.","eq,3,server_rack; eq,1,fire_extinguisher; eq,1,desk; eq,2,monitor",,"eq,2,on,0,desk,monitor","eq,1,corner,fire_extinguisher,room",medium,type_diversity,,FALSE
136,"An art gallery with at least five paintings on the walls, a sculpture on a pedestal in the center, and a bench for viewing.","ge,5,painting; eq,1,sculpture; eq,1,pedestal; eq,1,bench",,"eq,1,on,0,pedestal,sculpture","ge,5,on,painting,wall; eq,1,middle,pedestal,room",medium,type_diversity,,FALSE
137,"A commercial kitchen with a large stainless steel prep table, an industrial stove, a commercial refrigerator, and shelves with pots and pans. A utensil crock holds utensils including a spatula, tongs, and whisk. A cutting board with a chef's knife on top sits on the table.","eq,1,table; eq,1,stove; eq,1,refrigerator; ge,1,shelf; ge,2,pot; ge,2,pan; eq,1,utensil_crock; ge,1,spatula; ge,1,tongs; ge,1,whisk; eq,1,cutting_board; ge,1,knife","eq,1,table,large; eq,1,table,stainless_steel; eq,1,stove,industrial; eq,1,refrigerator,commercial; ge,1,knife,chef","ge,2,on,0,shelf,pot; ge,2,on,0,shelf,pan; ge,1,within,0,utensil_crock,spatula; ge,1,within,0,utensil_crock,tongs; ge,1,within,0,utensil_crock,whisk; eq,1,on,0,table,cutting_board; ge,1,on,0,cutting_board,knife","eq,1,against,refrigerator,wall",hard,type_diversity,,FALSE
138,"A bakery with a display case showing pastries, a counter with a cash register, and a bread rack with loaves of bread.","eq,1,display_case; ge,2,pastry; eq,1,counter; eq,1,cash_register; eq,1,bread_rack; ge,2,bread_loaf",,"ge,2,within,0,display_case,pastry; eq,1,on,0,counter,cash_register; ge,2,on,0,bread_rack,bread_loaf","eq,1,against,bread_rack,wall",medium,type_diversity,,FALSE
139,"A nail salon with two manicure tables, each with a chair and a stool, and a shelf with nail polish bottles.","eq,2,manicure_table; eq,2,chair; eq,2,stool; eq,1,shelf; ge,2,nail_polish_bottle",,"ge,2,near,0,manicure_table,chair; ge,2,near,0,manicure_table,stool; ge,2,on,0,shelf,nail_polish_bottle","eq,1,against,shelf,wall",easy,type_diversity,,FALSE
140,"A barber shop with two barber chairs facing mirrors on the wall, and a waiting bench near the entrance.","eq,2,barber_chair; eq,2,mirror; eq,1,bench",,"eq,2,face,0,barber_chair,mirror","eq,2,on,mirror,wall; eq,1,near,bench,door",easy,type_diversity,,FALSE
141,"A tattoo parlor with a tattoo chair, a rolling cart with ink bottles, and framed artwork on the walls.","eq,1,tattoo_chair; eq,1,rolling_cart; ge,2,ink_bottle; ge,1,framed_artwork",,"ge,2,on,0,rolling_cart,ink_bottle","ge,1,on,framed_artwork,wall",easy,type_diversity,,FALSE
142,"A pet grooming salon with a grooming table, a bathtub, and a cage for pets in the corner.","eq,1,grooming_table; eq,1,bathtub; eq,1,cage",,,"eq,1,corner,cage,room",easy,type_diversity,,FALSE
143,"A laundromat with four washing machines along the wall, two dryers, a folding table, and a row of plastic chairs.","eq,4,washing_machine; eq,2,dryer; eq,1,folding_table; ge,2,chair","ge,2,chair,plastic",,"eq,4,against,washing_machine,wall",medium,type_diversity,,FALSE
144,"A nursery with a crib, a rocking chair, a changing table, a baby mobile hanging from the ceiling, and a pile of wooden play blocks on the floor.","eq,1,crib; eq,1,rocking_chair; eq,1,kid_changing_table; eq,1,baby_mobile; ge,3,play_block","ge,3,play_block,wooden",,"eq,1,hang,baby_mobile,ceiling",medium,type_diversity,,FALSE
145,"A daycare room with small tables and chairs, a storage box with toys in the corner, and colorful bins on a shelf.","ge,2,table; ge,2,chair; eq,1,storage_box; ge,2,toy; eq,1,shelf; ge,2,bin","ge,2,table,small; ge,2,chair,small; ge,2,bin,colorful","ge,2,within,0,storage_box,toy; ge,2,on,0,shelf,bin","eq,1,corner,storage_box,room",medium,type_diversity,,FALSE
146,"A wine cellar with wooden shelves along the walls holding at least ten wine bottles. A tasting table with four stools sits in the center, with four wine glasses and a plate with cheese on it. A barrel is in the corner, and an antique chandelier hangs from the ceiling.","ge,2,shelf; ge,10,wine_bottle; eq,1,table; eq,4,stool; eq,4,wine_glass; eq,1,plate; ge,1,cheese; eq,1,barrel; eq,1,chandelier","ge,2,shelf,wooden; eq,1,chandelier,antique","ge,10,on,0,shelf,wine_bottle; ge,4,near,0,table,stool; eq,4,on,0,table,wine_glass; eq,1,on,0,table,plate; ge,1,on,0,plate,cheese","eq,1,middle,table,room; eq,1,corner,barrel,room; eq,1,hang,chandelier,ceiling",hard,type_diversity,,FALSE
147,"A science lab with two lab benches, each with a microscope, a glass beaker, and a test tube stand. A fume hood hangs from the ceiling, and a safety shower is in the corner.","eq,2,lab_bench; eq,2,microscope; eq,2,beaker; eq,2,test_tube_stand; eq,1,fume_hood; eq,1,safety_shower","eq,2,beaker,glass","eq,2,on,0,lab_bench,microscope; eq,2,on,0,lab_bench,beaker; eq,2,on,0,lab_bench,test_tube_stand","eq,1,hang,fume_hood,ceiling; eq,1,corner,safety_shower,room",hard,type_diversity,,FALSE
148,"An Egyptian museum room with a sarcophagus in the center. One display table holds a golden scarab beetle and a canopic jar. Another display table has an ancient scroll, a clay tablet, and a bronze amulet. Hieroglyphic panels are mounted on the walls, and two stone statues flank the entrance.","eq,1,sarcophagus; eq,2,display_table; eq,1,scarab_beetle; eq,1,canopic_jar; eq,1,scroll; eq,1,clay_tablet; eq,1,amulet; ge,2,hieroglyphic_panel; eq,2,statue","eq,1,scarab_beetle,golden; eq,1,scroll,ancient; eq,1,amulet,bronze; eq,2,statue,stone","eq,1,on,0,display_table,scarab_beetle; eq,1,on,0,display_table,canopic_jar; eq,1,on,1,display_table,scroll; eq,1,on,1,display_table,clay_tablet; eq,1,on,1,display_table,amulet","eq,1,middle,sarcophagus,room; ge,2,on,hieroglyphic_panel,wall; eq,2,near,statue,door",hard,type_diversity,,FALSE
149,"An escape room with a locked chest, a bookshelf with books, a clock on the wall, and a mysterious painting.","eq,1,chest; eq,1,bookshelf; ge,2,book; eq,1,clock; eq,1,painting","eq,1,chest,locked; eq,1,painting,mysterious","ge,2,within,0,bookshelf,book","eq,1,on,clock,wall; eq,1,on,painting,wall",easy,type_diversity,,FALSE
150,"A pantry with a single three-level shelf. The first level holds at least 10 cans, the second level holds at least 10 pasta packs, and the third level holds at least 10 potatoes.","eq,1,shelf; ge,10,can; ge,10,pasta_pack; ge,10,potato","eq,1,shelf,three-level","ge,10,on,0,shelf,can; ge,10,on,0,shelf,pasta_pack; ge,10,on,0,shelf,potato",,medium,object_density,,FALSE
151,A kitchen with a table. There is a fruit bowl on the table with a mix of apples and oranges. The bowl contains at least 6 fruits.,"eq,1,table; eq,1,bowl; ge,6,fruit",,"eq,1,on,0,table,bowl; ge,6,within,0,bowl,fruit",,easy,object_density,,FALSE
152,"A kitchen with a single shelf. The shelf holds at least 8 plates, 8 bowls, and 8 cups.","eq,1,shelf; ge,8,plate; ge,8,bowl; ge,8,cup",,"ge,8,on,0,shelf,plate; ge,8,on,0,shelf,bowl; ge,8,on,0,shelf,cup",,medium,object_density,,FALSE
153,A kitchen with a spice rack on the wall. The rack holds at least 10 spice jars.,"eq,1,spice_rack; ge,10,spice_jar",,"ge,10,on,0,spice_rack,spice_jar","eq,1,on,spice_rack,wall",easy,object_density,,FALSE
154,A kitchen with an open refrigerator. The refrigerator contains at least 6 bottles and 6 food containers.,"eq,1,refrigerator; ge,6,bottle; ge,6,food_container",,"ge,6,within,0,refrigerator,bottle; ge,6,within,0,refrigerator,food_container",,easy,object_density,,FALSE
155,"A kitchen. There is a utensil holder on the counter. The holder contains at least 4 forks, 4 knives, and 4 spoons.","eq,1,counter; eq,1,utensil_holder; ge,4,fork; ge,4,knife; ge,4,spoon",,"eq,1,on,0,counter,utensil_holder; ge,4,within,0,utensil_holder,fork; ge,4,within,0,utensil_holder,knife; ge,4,within,0,utensil_holder,spoon",,easy,object_density,,FALSE
156,"A dining room with a table set for 4 people. Each setting has a plate, a glass, a fork, and a knife.","eq,1,table; eq,4,plate; eq,4,glass; eq,4,fork; eq,4,knife",,"eq,4,on,0,table,plate; eq,4,on,0,table,glass; eq,4,on,0,table,fork; eq,4,on,0,table,knife",,easy,object_density,,FALSE
157,"A dining room with a table set for 8 people. Each setting has a plate, a glass, a fork, and a knife.","eq,1,table; eq,8,plate; eq,8,glass; eq,8,fork; eq,8,knife",,"eq,8,on,0,table,plate; eq,8,on,0,table,glass; eq,8,on,0,table,fork; eq,8,on,0,table,knife",,medium,object_density,,FALSE
158,"A dining room with a long table set for 12 people. Each setting has a small plate stacked on a large plate, a glass, a fork, and a knife.","eq,1,table; eq,24,plate; eq,12,glass; eq,12,fork; eq,12,knife","eq,1,table,long","eq,24,on,0,table,plate; eq,12,on,0,table,glass; eq,12,on,0,table,fork; eq,12,on,0,table,knife",,hard,object_density,,FALSE
159,A kitchen with a mug rack on the wall holding at least 8 mugs.,"eq,1,mug_rack; ge,8,mug",,"ge,8,on,0,mug_rack,mug","eq,1,on,mug_rack,wall",easy,object_density,,FALSE
160,"A bedroom with a breakfast tray on the bed. The tray has a plate, a cup, a bowl, and a glass.","eq,1,bed; eq,1,tray; ge,1,plate; ge,1,cup; ge,1,bowl; ge,1,glass",,"eq,1,on,0,bed,tray; eq,1,on,0,tray,plate; eq,1,on,0,tray,cup; eq,1,on,0,tray,bowl; eq,1,on,0,tray,glass",,medium,object_density,,FALSE
161,"A living room with a coffee table. On the table is a tea set with a teapot, 4 teacups on saucers.","eq,1,coffee_table; eq,1,teapot; eq,4,teacup; eq,4,saucer",,"eq,1,on,0,coffee_table,teapot; eq,4,on,0,coffee_table,saucer; eq,4,on,0,saucer,teacup",,medium,object_density,,FALSE
162,A bar with a counter. On the counter are at least 8 glasses and 6 bottles.,"eq,1,counter; ge,8,glass; ge,6,bottle",,"ge,8,on,0,counter,glass; ge,6,on,0,counter,bottle",,easy,object_density,,FALSE
163,A dining room with a wine shelf holding at least 12 wine bottles.,"eq,1,wine_shelf; ge,12,wine_bottle",,"ge,12,on,0,wine_shelf,wine_bottle",,easy,object_density,,FALSE
164,A pottery store with shelves along the walls. The shelves hold at least 30 cups and 30 bowls. There is a table with a large painted bowl.,"ge,2,shelf; ge,30,cup; ge,31,bowl; eq,1,table",,"ge,30,on,0,shelf,cup; ge,30,on,0,shelf,bowl; eq,1,on,0,table,bowl","ge,2,against,shelf,wall",hard,object_density,,FALSE
165,"A bathroom with a counter. On the counter are at least 4 bottles, 2 tubes, and a soap dispenser.","eq,1,counter; ge,4,bottle; ge,2,tube; eq,1,soap_dispenser",,"ge,4,on,0,counter,bottle; ge,2,on,0,counter,tube; eq,1,on,0,counter,soap_dispenser",,easy,object_density,,FALSE
166,"A bathroom with a medicine cabinet. The cabinet contains at least 6 medicine bottles, 4 pill boxes, 2 tubes, and a pair of scissors.","eq,1,cabinet; ge,6,medicine_bottle; ge,4,pill_box; ge,2,tube; eq,1,scissors",,"ge,6,within,0,cabinet,medicine_bottle; ge,4,within,0,cabinet,pill_box; ge,2,within,0,cabinet,tube; eq,1,within,0,cabinet,scissors",,medium,object_density,,FALSE
167,A kitchen with a three-level shelf. The top level holds at least 10 jars. The other two levels hold stacks of plates with at least 20 plates in total.,"eq,1,shelf; ge,10,jar; ge,20,plate","eq,1,shelf,three-level","ge,10,on,0,shelf,jar; ge,20,on,0,shelf,plate",,hard,object_density,,FALSE
168,A closet with a shoe rack holding exactly 5 pairs of shoes.,"eq,1,shoe_rack; eq,10,shoe",,"eq,10,on,0,shoe_rack,shoe",,easy,object_density,,FALSE
169,"A bedroom with a vanity table. On the table are at least 6 makeup bottles, at least 2 brushes, and a small mirror. There is also a nightstand with a stack of 8 books.","eq,1,vanity_table; ge,6,bottle; ge,2,brush; eq,1,mirror; eq,1,nightstand; eq,8,book","eq,1,mirror,small","ge,6,on,0,vanity_table,bottle; ge,2,on,0,vanity_table,brush; eq,1,on,0,vanity_table,mirror; eq,8,on,0,nightstand,book",,medium,object_density,,FALSE
170,"An office with a desk. On the desk is a pen holder with at least 5 pens and a laptop. There is a shelf with stacks of books, at least 15 books in total.","eq,1,desk; eq,1,pen_holder; ge,5,pen; eq,1,laptop; eq,1,shelf; ge,15,book",,"eq,1,on,0,desk,pen_holder; ge,5,within,0,pen_holder,pen; eq,1,on,0,desk,laptop; ge,15,on,0,shelf,book",,medium,object_density,,FALSE
171,"A kitchen with a sink. The sink contains a mess of dishes with at least 5 plates, 3 glasses, and 5 bowls.","eq,1,sink; ge,5,plate; ge,3,glass; ge,5,bowl",,"ge,5,within,0,sink,plate; ge,3,within,0,sink,glass; ge,5,within,0,sink,bowl",,medium,object_density,,FALSE
172,A playroom with two bins. One bin contains 2 teddy bears. The other bin contains at least 5 wooden blocks. There is a carpet with a toy car and a toy train. There is a pile of lego blocks on the carpet containing at least 5 blocks.,"eq,2,bin; eq,2,teddy_bear; ge,5,wooden_block; eq,1,carpet; ge,5,lego_block; eq,1,toy_car; eq,1,toy_train",,"eq,2,within,0,bin,teddy_bear; ge,5,within,1,bin,wooden_block; ge,5,on,0,carpet,lego_block; eq,1,on,0,carpet,toy_car; eq,1,on,0,carpet,toy_train",,hard,object_density,,FALSE
173,"A restaurant with exactly 4 tables and 8 chairs. Each table is set for 2 people with a plate, a glass, a fork, and a knife.","eq,4,table; eq,8,chair; eq,8,plate; eq,8,glass; eq,8,fork; eq,8,knife",,"eq,8,on,0,table,plate; eq,8,on,0,table,glass; eq,8,on,0,table,fork; eq,8,on,0,table,knife",,hard,object_density,,FALSE
174,A bookstore with at least 50 books.,"ge,50,book",,,,medium,object_density,,FALSE
175,"A Star Wars themed teen bedroom. The room features a bed with Star Wars bedding showing characters and starships, and a Star Wars themed desk lamp with Darth Vader or Death Star designs.","eq,1,bed; eq,1,desk_lamp","eq,1,bed,star_wars_themed; eq,1,desk_lamp,star_wars_themed",,,easy,themed_scenes,,FALSE
176,A playroom inspired by The Incredibles movie. The room features an Incredibles themed rug with the superhero family logo and two Incredibles themed bean bags for seating.,"eq,1,rug; eq,2,bean_bag","eq,1,rug,incredibles_themed; eq,2,bean_bag,incredibles_themed",,"eq,1,middle,rug,room",easy,themed_scenes,,FALSE
177,"An Art Deco styled living room. The room features an Art Deco style sofa with geometric patterns, an Art Deco style coffee table positioned in front of the sofa, and an Art Deco style floor lamp with a geometric shade.","eq,1,sofa; eq,1,coffee_table; eq,1,floor_lamp","eq,1,sofa,art_deco_style; eq,1,coffee_table,art_deco_style; eq,1,floor_lamp,art_deco_style","eq,1,front,0,sofa,coffee_table",,easy,themed_scenes,,FALSE
178,A Minecraft themed gaming room. The room features a Minecraft themed chair with Creeper designs and a Minecraft themed poster on the wall.,"eq,1,chair; eq,1,poster","eq,1,chair,minecraft_themed; eq,1,poster,minecraft_themed",,"eq,1,on,poster,wall",easy,themed_scenes,,FALSE
179,"A Picasso-inspired dining room. The room features a dining table with four chairs surrounding it. A Picasso-style cubist painting hangs on the wall, and a tablecloth with abstract geometric patterns covers the table.","eq,1,dining_table; eq,4,chair; eq,1,painting; eq,1,tablecloth","eq,1,painting,picasso_style; eq,1,painting,cubist; eq,1,tablecloth,abstract_geometric","eq,4,surround,0,dining_table,chair; eq,1,on,0,dining_table,tablecloth","eq,1,on,painting,wall",medium,themed_scenes,,FALSE
180,"A steampunk styled home office. The room features a steampunk desk with brass fittings and exposed gears, a steampunk style desk lamp with copper pipes and vintage bulb, a steampunk themed wall clock with visible clockwork mechanisms, and a steampunk styled office chair with leather and metal accents.","eq,1,desk; eq,1,desk_lamp; eq,1,wall_clock; eq,1,office_chair","eq,1,desk,steampunk_style; eq,1,desk_lamp,steampunk_style; eq,1,wall_clock,steampunk_style; eq,1,office_chair,steampunk_style","eq,1,on,0,desk,desk_lamp; eq,1,front,0,desk,office_chair","eq,1,on,wall_clock,wall",medium,themed_scenes,,FALSE
181,"A Harry Potter themed home library. The room features a bookshelf styled like a Hogwarts library, a Harry Potter themed reading chair with a Harry Potter themed floor lamp next to it, and a Hogwarts trunk for storage.","eq,1,bookshelf; eq,1,reading_chair; eq,1,floor_lamp; eq,1,trunk","eq,1,bookshelf,harry_potter_themed; eq,1,reading_chair,harry_potter_themed; eq,1,floor_lamp,harry_potter_themed; eq,1,trunk,hogwarts_style","eq,1,next,0,reading_chair,floor_lamp","eq,1,against,bookshelf,wall",medium,themed_scenes,,FALSE
182,"A Pop Art styled artist studio. The room features a Pop Art style desk with bold colors, a Pop Art style stool positioned in front of the desk, a large Pop Art style painting with comic-style imagery on the wall, and a Pop Art themed floor lamp.","eq,1,desk; eq,1,stool; eq,1,painting; eq,1,floor_lamp","eq,1,desk,pop_art_style; eq,1,stool,pop_art_style; eq,1,painting,pop_art_style; eq,1,floor_lamp,pop_art_style","eq,1,front,0,desk,stool","eq,1,on,painting,wall",medium,themed_scenes,,FALSE
183,"A Jurassic Park themed kids bedroom. The room features a bed with Jurassic Park dinosaur bedding, a Jurassic Park themed rug on the floor, and a Jurassic Park poster on the wall. Two dinosaur stuffed animals sit on the bed, and a dinosaur themed desk lamp rests on the nightstand.","eq,1,bed; eq,1,rug; eq,1,poster; eq,2,stuffed_animal; eq,1,desk_lamp; eq,1,nightstand","eq,1,bed,jurassic_park_themed; eq,1,rug,jurassic_park_themed; eq,1,poster,jurassic_park_themed; eq,2,stuffed_animal,dinosaur_themed; eq,1,desk_lamp,dinosaur_themed","eq,2,on,0,bed,stuffed_animal; eq,1,on,0,nightstand,desk_lamp; eq,1,next,0,bed,nightstand","eq,1,on,poster,wall",hard,themed_scenes,,FALSE
184,"A Frozen themed nursery. The room features a Frozen themed crib with Elsa and Anna bedding, a Frozen themed rocking chair, a Frozen themed rug with snowflake patterns on the floor, a Frozen themed lamp on a side table, a Frozen poster on the wall, and a Frozen themed toy box for storage.","eq,1,crib; eq,1,rocking_chair; eq,1,rug; eq,1,lamp; eq,1,side_table; eq,1,poster; eq,1,toy_box","eq,1,crib,frozen_themed; eq,1,rocking_chair,frozen_themed; eq,1,rug,frozen_themed; eq,1,lamp,frozen_themed; eq,1,poster,frozen_themed; eq,1,toy_box,frozen_themed","eq,1,on,0,side_table,lamp","eq,1,on,poster,wall",hard,themed_scenes,,FALSE
